Region,Dosis,Fecha,Cantidad
Total,Primera,2020-12-24,420
Total,Segunda,2020-12-24,0
Arica y Parinacota,Primera,2020-12-24,0
Arica y Parinacota,Segunda,2020-12-24,0
Tarapacá,Primera,2020-12-24,0
Tarapacá,Segunda,2020-12-24,0
Antofagasta,Primera,2020-12-24,0
Antofagasta,Segunda,2020-12-24,0
Atacama,Primera,2020-12-24,0
Atacama,Segunda,2020-12-24,0
Coquimbo,Primera,2020-12-24,0
Coquimbo,Segunda,2020-12-24,0
Valparaíso,Primera,2020-12-24,0
Valparaíso,Segunda,2020-12-24,0
Metropolitana,Primera,2020-12-24,420
Metropolitana,Segunda,2020-12-24,0
O’Higgins,Primera,2020-12-24,0
O’Higgins,Segunda,2020-12-24,0
Maule,Primera,2020-12-24,0
Maule,Segunda,2020-12-24,0
Ñuble,Primera,2020-12-24,0
Ñuble,Segunda,2020-12-24,0
Biobío,Primera,2020-12-24,0
Biobío,Segunda,2020-12-24,0
Araucanía,Primera,2020-12-24,0
Araucanía,Segunda,2020-12-24,0
Los Ríos,Primera,2020-12-24,0
Los Ríos,Segunda,2020-12-24,0
Los Lagos,Primera,2020-12-24,0
Los Lagos,Segunda,2020-12-24,0
Aysén,Primera,2020-12-24,0
Aysén,Segunda,2020-12-24,0
Magallanes,Primera,2020-12-24,0
Magallanes,Segunda,2020-12-24,0
Total,Primera,2020-12-25,5199
Total,Segunda,2020-12-25,0
Arica y Parinacota,Primera,2020-12-25,0
Arica y Parinacota,Segunda,2020-12-25,0
Tarapacá,Primera,2020-12-25,0
Tarapacá,Segunda,2020-12-25,0
Antofagasta,Primera,2020-12-25,0
Antofagasta,Segunda,2020-12-25,0
Atacama,Primera,2020-12-25,0
Atacama,Segunda,2020-12-25,0
Coquimbo,Primera,2020-12-25,0
Coquimbo,Segunda,2020-12-25,0
Valparaíso,Primera,2020-12-25,0
Valparaíso,Segunda,2020-12-25,0
Metropolitana,Primera,2020-12-25,2935
Metropolitana,Segunda,2020-12-25,0
O’Higgins,Primera,2020-12-25,0
O’Higgins,Segunda,2020-12-25,0
Maule,Primera,2020-12-25,0
Maule,Segunda,2020-12-25,0
Ñuble,Primera,2020-12-25,0
Ñuble,Segunda,2020-12-25,0
Biobío,Primera,2020-12-25,1388
Biobío,Segunda,2020-12-25,0
Araucanía,Primera,2020-12-25,711
Araucanía,Segunda,2020-12-25,0
Los Ríos,Primera,2020-12-25,0
Los Ríos,Segunda,2020-12-25,0
Los Lagos,Primera,2020-12-25,0
Los Lagos,Segunda,2020-12-25,0
Aysén,Primera,2020-12-25,0
Aysén,Segunda,2020-12-25,0
Magallanes,Primera,2020-12-25,165
Magallanes,Segunda,2020-12-25,0
Total,Primera,2020-12-26,8339
Total,Segunda,2020-12-26,0
Arica y Parinacota,Primera,2020-12-26,0
Arica y Parinacota,Segunda,2020-12-26,0
Tarapacá,Primera,2020-12-26,0
Tarapacá,Segunda,2020-12-26,0
Antofagasta,Primera,2020-12-26,0
Antofagasta,Segunda,2020-12-26,0
Atacama,Primera,2020-12-26,0
Atacama,Segunda,2020-12-26,0
Coquimbo,Primera,2020-12-26,0
Coquimbo,Segunda,2020-12-26,0
Valparaíso,Primera,2020-12-26,0
Valparaíso,Segunda,2020-12-26,0
Metropolitana,Primera,2020-12-26,5419
Metropolitana,Segunda,2020-12-26,0
O’Higgins,Primera,2020-12-26,0
O’Higgins,Segunda,2020-12-26,0
Maule,Primera,2020-12-26,0
Maule,Segunda,2020-12-26,0
Ñuble,Primera,2020-12-26,0
Ñuble,Segunda,2020-12-26,0
Biobío,Primera,2020-12-26,2044
Biobío,Segunda,2020-12-26,0
Araucanía,Primera,2020-12-26,711
Araucanía,Segunda,2020-12-26,0
Los Ríos,Primera,2020-12-26,0
Los Ríos,Segunda,2020-12-26,0
Los Lagos,Primera,2020-12-26,0
Los Lagos,Segunda,2020-12-26,0
Aysén,Primera,2020-12-26,0
Aysén,Segunda,2020-12-26,0
Magallanes,Primera,2020-12-26,165
Magallanes,Segunda,2020-12-26,0
Total,Primera,2020-12-27,8650
Total,Segunda,2020-12-27,0
Arica y Parinacota,Primera,2020-12-27,0
Arica y Parinacota,Segunda,2020-12-27,0
Tarapacá,Primera,2020-12-27,0
Tarapacá,Segunda,2020-12-27,0
Antofagasta,Primera,2020-12-27,0
Antofagasta,Segunda,2020-12-27,0
Atacama,Primera,2020-12-27,0
Atacama,Segunda,2020-12-27,0
Coquimbo,Primera,2020-12-27,0
Coquimbo,Segunda,2020-12-27,0
Valparaíso,Primera,2020-12-27,0
Valparaíso,Segunda,2020-12-27,0
Metropolitana,Primera,2020-12-27,5715
Metropolitana,Segunda,2020-12-27,0
O’Higgins,Primera,2020-12-27,0
O’Higgins,Segunda,2020-12-27,0
Maule,Primera,2020-12-27,0
Maule,Segunda,2020-12-27,0
Ñuble,Primera,2020-12-27,0
Ñuble,Segunda,2020-12-27,0
Biobío,Primera,2020-12-27,2059
Biobío,Segunda,2020-12-27,0
Araucanía,Primera,2020-12-27,711
Araucanía,Segunda,2020-12-27,0
Los Ríos,Primera,2020-12-27,0
Los Ríos,Segunda,2020-12-27,0
Los Lagos,Primera,2020-12-27,0
Los Lagos,Segunda,2020-12-27,0
Aysén,Primera,2020-12-27,0
Aysén,Segunda,2020-12-27,0
Magallanes,Primera,2020-12-27,165
Magallanes,Segunda,2020-12-27,0
Total,Primera,2020-12-28,8650
Total,Segunda,2020-12-28,0
Arica y Parinacota,Primera,2020-12-28,0
Arica y Parinacota,Segunda,2020-12-28,0
Tarapacá,Primera,2020-12-28,0
Tarapacá,Segunda,2020-12-28,0
Antofagasta,Primera,2020-12-28,0
Antofagasta,Segunda,2020-12-28,0
Atacama,Primera,2020-12-28,0
Atacama,Segunda,2020-12-28,0
Coquimbo,Primera,2020-12-28,0
Coquimbo,Segunda,2020-12-28,0
Valparaíso,Primera,2020-12-28,0
Valparaíso,Segunda,2020-12-28,0
Metropolitana,Primera,2020-12-28,5715
Metropolitana,Segunda,2020-12-28,0
O’Higgins,Primera,2020-12-28,0
O’Higgins,Segunda,2020-12-28,0
Maule,Primera,2020-12-28,0
Maule,Segunda,2020-12-28,0
Ñuble,Primera,2020-12-28,0
Ñuble,Segunda,2020-12-28,0
Biobío,Primera,2020-12-28,2059
Biobío,Segunda,2020-12-28,0
Araucanía,Primera,2020-12-28,711
Araucanía,Segunda,2020-12-28,0
Los Ríos,Primera,2020-12-28,0
Los Ríos,Segunda,2020-12-28,0
Los Lagos,Primera,2020-12-28,0
Los Lagos,Segunda,2020-12-28,0
Aysén,Primera,2020-12-28,0
Aysén,Segunda,2020-12-28,0
Magallanes,Primera,2020-12-28,165
Magallanes,Segunda,2020-12-28,0
Total,Primera,2020-12-29,8650
Total,Segunda,2020-12-29,0
Arica y Parinacota,Primera,2020-12-29,0
Arica y Parinacota,Segunda,2020-12-29,0
Tarapacá,Primera,2020-12-29,0
Tarapacá,Segunda,2020-12-29,0
Antofagasta,Primera,2020-12-29,0
Antofagasta,Segunda,2020-12-29,0
Atacama,Primera,2020-12-29,0
Atacama,Segunda,2020-12-29,0
Coquimbo,Primera,2020-12-29,0
Coquimbo,Segunda,2020-12-29,0
Valparaíso,Primera,2020-12-29,0
Valparaíso,Segunda,2020-12-29,0
Metropolitana,Primera,2020-12-29,5715
Metropolitana,Segunda,2020-12-29,0
O’Higgins,Primera,2020-12-29,0
O’Higgins,Segunda,2020-12-29,0
Maule,Primera,2020-12-29,0
Maule,Segunda,2020-12-29,0
Ñuble,Primera,2020-12-29,0
Ñuble,Segunda,2020-12-29,0
Biobío,Primera,2020-12-29,2059
Biobío,Segunda,2020-12-29,0
Araucanía,Primera,2020-12-29,711
Araucanía,Segunda,2020-12-29,0
Los Ríos,Primera,2020-12-29,0
Los Ríos,Segunda,2020-12-29,0
Los Lagos,Primera,2020-12-29,0
Los Lagos,Segunda,2020-12-29,0
Aysén,Primera,2020-12-29,0
Aysén,Segunda,2020-12-29,0
Magallanes,Primera,2020-12-29,165
Magallanes,Segunda,2020-12-29,0
Total,Primera,2020-12-30,8650
Total,Segunda,2020-12-30,0
Arica y Parinacota,Primera,2020-12-30,0
Arica y Parinacota,Segunda,2020-12-30,0
Tarapacá,Primera,2020-12-30,0
Tarapacá,Segunda,2020-12-30,0
Antofagasta,Primera,2020-12-30,0
Antofagasta,Segunda,2020-12-30,0
Atacama,Primera,2020-12-30,0
Atacama,Segunda,2020-12-30,0
Coquimbo,Primera,2020-12-30,0
Coquimbo,Segunda,2020-12-30,0
Valparaíso,Primera,2020-12-30,0
Valparaíso,Segunda,2020-12-30,0
Metropolitana,Primera,2020-12-30,5715
Metropolitana,Segunda,2020-12-30,0
O’Higgins,Primera,2020-12-30,0
O’Higgins,Segunda,2020-12-30,0
Maule,Primera,2020-12-30,0
Maule,Segunda,2020-12-30,0
Ñuble,Primera,2020-12-30,0
Ñuble,Segunda,2020-12-30,0
Biobío,Primera,2020-12-30,2059
Biobío,Segunda,2020-12-30,0
Araucanía,Primera,2020-12-30,711
Araucanía,Segunda,2020-12-30,0
Los Ríos,Primera,2020-12-30,0
Los Ríos,Segunda,2020-12-30,0
Los Lagos,Primera,2020-12-30,0
Los Lagos,Segunda,2020-12-30,0
Aysén,Primera,2020-12-30,0
Aysén,Segunda,2020-12-30,0
Magallanes,Primera,2020-12-30,165
Magallanes,Segunda,2020-12-30,0
Total,Primera,2020-12-31,8650
Total,Segunda,2020-12-31,0
Arica y Parinacota,Primera,2020-12-31,0
Arica y Parinacota,Segunda,2020-12-31,0
Tarapacá,Primera,2020-12-31,0
Tarapacá,Segunda,2020-12-31,0
Antofagasta,Primera,2020-12-31,0
Antofagasta,Segunda,2020-12-31,0
Atacama,Primera,2020-12-31,0
Atacama,Segunda,2020-12-31,0
Coquimbo,Primera,2020-12-31,0
Coquimbo,Segunda,2020-12-31,0
Valparaíso,Primera,2020-12-31,0
Valparaíso,Segunda,2020-12-31,0
Metropolitana,Primera,2020-12-31,5715
Metropolitana,Segunda,2020-12-31,0
O’Higgins,Primera,2020-12-31,0
O’Higgins,Segunda,2020-12-31,0
Maule,Primera,2020-12-31,0
Maule,Segunda,2020-12-31,0
Ñuble,Primera,2020-12-31,0
Ñuble,Segunda,2020-12-31,0
Biobío,Primera,2020-12-31,2059
Biobío,Segunda,2020-12-31,0
Araucanía,Primera,2020-12-31,711
Araucanía,Segunda,2020-12-31,0
Los Ríos,Primera,2020-12-31,0
Los Ríos,Segunda,2020-12-31,0
Los Lagos,Primera,2020-12-31,0
Los Lagos,Segunda,2020-12-31,0
Aysén,Primera,2020-12-31,0
Aysén,Segunda,2020-12-31,0
Magallanes,Primera,2020-12-31,165
Magallanes,Segunda,2020-12-31,0
Total,Primera,2021-01-01,8650
Total,Segunda,2021-01-01,0
Arica y Parinacota,Primera,2021-01-01,0
Arica y Parinacota,Segunda,2021-01-01,0
Tarapacá,Primera,2021-01-01,0
Tarapacá,Segunda,2021-01-01,0
Antofagasta,Primera,2021-01-01,0
Antofagasta,Segunda,2021-01-01,0
Atacama,Primera,2021-01-01,0
Atacama,Segunda,2021-01-01,0
Coquimbo,Primera,2021-01-01,0
Coquimbo,Segunda,2021-01-01,0
Valparaíso,Primera,2021-01-01,0
Valparaíso,Segunda,2021-01-01,0
Metropolitana,Primera,2021-01-01,5715
Metropolitana,Segunda,2021-01-01,0
O’Higgins,Primera,2021-01-01,0
O’Higgins,Segunda,2021-01-01,0
Maule,Primera,2021-01-01,0
Maule,Segunda,2021-01-01,0
Ñuble,Primera,2021-01-01,0
Ñuble,Segunda,2021-01-01,0
Biobío,Primera,2021-01-01,2059
Biobío,Segunda,2021-01-01,0
Araucanía,Primera,2021-01-01,711
Araucanía,Segunda,2021-01-01,0
Los Ríos,Primera,2021-01-01,0
Los Ríos,Segunda,2021-01-01,0
Los Lagos,Primera,2021-01-01,0
Los Lagos,Segunda,2021-01-01,0
Aysén,Primera,2021-01-01,0
Aysén,Segunda,2021-01-01,0
Magallanes,Primera,2021-01-01,165
Magallanes,Segunda,2021-01-01,0
Total,Primera,2021-01-02,8650
Total,Segunda,2021-01-02,0
Arica y Parinacota,Primera,2021-01-02,0
Arica y Parinacota,Segunda,2021-01-02,0
Tarapacá,Primera,2021-01-02,0
Tarapacá,Segunda,2021-01-02,0
Antofagasta,Primera,2021-01-02,0
Antofagasta,Segunda,2021-01-02,0
Atacama,Primera,2021-01-02,0
Atacama,Segunda,2021-01-02,0
Coquimbo,Primera,2021-01-02,0
Coquimbo,Segunda,2021-01-02,0
Valparaíso,Primera,2021-01-02,0
Valparaíso,Segunda,2021-01-02,0
Metropolitana,Primera,2021-01-02,5715
Metropolitana,Segunda,2021-01-02,0
O’Higgins,Primera,2021-01-02,0
O’Higgins,Segunda,2021-01-02,0
Maule,Primera,2021-01-02,0
Maule,Segunda,2021-01-02,0
Ñuble,Primera,2021-01-02,0
Ñuble,Segunda,2021-01-02,0
Biobío,Primera,2021-01-02,2059
Biobío,Segunda,2021-01-02,0
Araucanía,Primera,2021-01-02,711
Araucanía,Segunda,2021-01-02,0
Los Ríos,Primera,2021-01-02,0
Los Ríos,Segunda,2021-01-02,0
Los Lagos,Primera,2021-01-02,0
Los Lagos,Segunda,2021-01-02,0
Aysén,Primera,2021-01-02,0
Aysén,Segunda,2021-01-02,0
Magallanes,Primera,2021-01-02,165
Magallanes,Segunda,2021-01-02,0
Total,Primera,2021-01-03,8650
Total,Segunda,2021-01-03,0
Arica y Parinacota,Primera,2021-01-03,0
Arica y Parinacota,Segunda,2021-01-03,0
Tarapacá,Primera,2021-01-03,0
Tarapacá,Segunda,2021-01-03,0
Antofagasta,Primera,2021-01-03,0
Antofagasta,Segunda,2021-01-03,0
Atacama,Primera,2021-01-03,0
Atacama,Segunda,2021-01-03,0
Coquimbo,Primera,2021-01-03,0
Coquimbo,Segunda,2021-01-03,0
Valparaíso,Primera,2021-01-03,0
Valparaíso,Segunda,2021-01-03,0
Metropolitana,Primera,2021-01-03,5715
Metropolitana,Segunda,2021-01-03,0
O’Higgins,Primera,2021-01-03,0
O’Higgins,Segunda,2021-01-03,0
Maule,Primera,2021-01-03,0
Maule,Segunda,2021-01-03,0
Ñuble,Primera,2021-01-03,0
Ñuble,Segunda,2021-01-03,0
Biobío,Primera,2021-01-03,2059
Biobío,Segunda,2021-01-03,0
Araucanía,Primera,2021-01-03,711
Araucanía,Segunda,2021-01-03,0
Los Ríos,Primera,2021-01-03,0
Los Ríos,Segunda,2021-01-03,0
Los Lagos,Primera,2021-01-03,0
Los Lagos,Segunda,2021-01-03,0
Aysén,Primera,2021-01-03,0
Aysén,Segunda,2021-01-03,0
Magallanes,Primera,2021-01-03,165
Magallanes,Segunda,2021-01-03,0
Total,Primera,2021-01-04,9055
Total,Segunda,2021-01-04,0
Arica y Parinacota,Primera,2021-01-04,0
Arica y Parinacota,Segunda,2021-01-04,0
Tarapacá,Primera,2021-01-04,0
Tarapacá,Segunda,2021-01-04,0
Antofagasta,Primera,2021-01-04,0
Antofagasta,Segunda,2021-01-04,0
Atacama,Primera,2021-01-04,0
Atacama,Segunda,2021-01-04,0
Coquimbo,Primera,2021-01-04,0
Coquimbo,Segunda,2021-01-04,0
Valparaíso,Primera,2021-01-04,0
Valparaíso,Segunda,2021-01-04,0
Metropolitana,Primera,2021-01-04,5820
Metropolitana,Segunda,2021-01-04,0
O’Higgins,Primera,2021-01-04,0
O’Higgins,Segunda,2021-01-04,0
Maule,Primera,2021-01-04,230
Maule,Segunda,2021-01-04,0
Ñuble,Primera,2021-01-04,0
Ñuble,Segunda,2021-01-04,0
Biobío,Primera,2021-01-04,2059
Biobío,Segunda,2021-01-04,0
Araucanía,Primera,2021-01-04,711
Araucanía,Segunda,2021-01-04,0
Los Ríos,Primera,2021-01-04,70
Los Ríos,Segunda,2021-01-04,0
Los Lagos,Primera,2021-01-04,0
Los Lagos,Segunda,2021-01-04,0
Aysén,Primera,2021-01-04,0
Aysén,Segunda,2021-01-04,0
Magallanes,Primera,2021-01-04,165
Magallanes,Segunda,2021-01-04,0
Total,Primera,2021-01-05,10498
Total,Segunda,2021-01-05,0
Arica y Parinacota,Primera,2021-01-05,0
Arica y Parinacota,Segunda,2021-01-05,0
Tarapacá,Primera,2021-01-05,120
Tarapacá,Segunda,2021-01-05,0
Antofagasta,Primera,2021-01-05,0
Antofagasta,Segunda,2021-01-05,0
Atacama,Primera,2021-01-05,0
Atacama,Segunda,2021-01-05,0
Coquimbo,Primera,2021-01-05,0
Coquimbo,Segunda,2021-01-05,0
Valparaíso,Primera,2021-01-05,600
Valparaíso,Segunda,2021-01-05,0
Metropolitana,Primera,2021-01-05,5820
Metropolitana,Segunda,2021-01-05,0
O’Higgins,Primera,2021-01-05,0
O’Higgins,Segunda,2021-01-05,0
Maule,Primera,2021-01-05,503
Maule,Segunda,2021-01-05,0
Ñuble,Primera,2021-01-05,0
Ñuble,Segunda,2021-01-05,0
Biobío,Primera,2021-01-05,2059
Biobío,Segunda,2021-01-05,0
Araucanía,Primera,2021-01-05,711
Araucanía,Segunda,2021-01-05,0
Los Ríos,Primera,2021-01-05,145
Los Ríos,Segunda,2021-01-05,0
Los Lagos,Primera,2021-01-05,375
Los Lagos,Segunda,2021-01-05,0
Aysén,Primera,2021-01-05,0
Aysén,Segunda,2021-01-05,0
Magallanes,Primera,2021-01-05,165
Magallanes,Segunda,2021-01-05,0
Total,Primera,2021-01-06,10703
Total,Segunda,2021-01-06,0
Arica y Parinacota,Primera,2021-01-06,0
Arica y Parinacota,Segunda,2021-01-06,0
Tarapacá,Primera,2021-01-06,160
Tarapacá,Segunda,2021-01-06,0
Antofagasta,Primera,2021-01-06,0
Antofagasta,Segunda,2021-01-06,0
Atacama,Primera,2021-01-06,0
Atacama,Segunda,2021-01-06,0
Coquimbo,Primera,2021-01-06,0
Coquimbo,Segunda,2021-01-06,0
Valparaíso,Primera,2021-01-06,600
Valparaíso,Segunda,2021-01-06,0
Metropolitana,Primera,2021-01-06,5820
Metropolitana,Segunda,2021-01-06,0
O’Higgins,Primera,2021-01-06,0
O’Higgins,Segunda,2021-01-06,0
Maule,Primera,2021-01-06,503
Maule,Segunda,2021-01-06,0
Ñuble,Primera,2021-01-06,0
Ñuble,Segunda,2021-01-06,0
Biobío,Primera,2021-01-06,2059
Biobío,Segunda,2021-01-06,0
Araucanía,Primera,2021-01-06,711
Araucanía,Segunda,2021-01-06,0
Los Ríos,Primera,2021-01-06,145
Los Ríos,Segunda,2021-01-06,0
Los Lagos,Primera,2021-01-06,540
Los Lagos,Segunda,2021-01-06,0
Aysén,Primera,2021-01-06,0
Aysén,Segunda,2021-01-06,0
Magallanes,Primera,2021-01-06,165
Magallanes,Segunda,2021-01-06,0
Total,Primera,2021-01-07,10703
Total,Segunda,2021-01-07,0
Arica y Parinacota,Primera,2021-01-07,0
Arica y Parinacota,Segunda,2021-01-07,0
Tarapacá,Primera,2021-01-07,160
Tarapacá,Segunda,2021-01-07,0
Antofagasta,Primera,2021-01-07,0
Antofagasta,Segunda,2021-01-07,0
Atacama,Primera,2021-01-07,0
Atacama,Segunda,2021-01-07,0
Coquimbo,Primera,2021-01-07,0
Coquimbo,Segunda,2021-01-07,0
Valparaíso,Primera,2021-01-07,600
Valparaíso,Segunda,2021-01-07,0
Metropolitana,Primera,2021-01-07,5820
Metropolitana,Segunda,2021-01-07,0
O’Higgins,Primera,2021-01-07,0
O’Higgins,Segunda,2021-01-07,0
Maule,Primera,2021-01-07,503
Maule,Segunda,2021-01-07,0
Ñuble,Primera,2021-01-07,0
Ñuble,Segunda,2021-01-07,0
Biobío,Primera,2021-01-07,2059
Biobío,Segunda,2021-01-07,0
Araucanía,Primera,2021-01-07,711
Araucanía,Segunda,2021-01-07,0
Los Ríos,Primera,2021-01-07,145
Los Ríos,Segunda,2021-01-07,0
Los Lagos,Primera,2021-01-07,540
Los Lagos,Segunda,2021-01-07,0
Aysén,Primera,2021-01-07,0
Aysén,Segunda,2021-01-07,0
Magallanes,Primera,2021-01-07,165
Magallanes,Segunda,2021-01-07,0
Total,Primera,2021-01-08,10703
Total,Segunda,2021-01-08,0
Arica y Parinacota,Primera,2021-01-08,0
Arica y Parinacota,Segunda,2021-01-08,0
Tarapacá,Primera,2021-01-08,160
Tarapacá,Segunda,2021-01-08,0
Antofagasta,Primera,2021-01-08,0
Antofagasta,Segunda,2021-01-08,0
Atacama,Primera,2021-01-08,0
Atacama,Segunda,2021-01-08,0
Coquimbo,Primera,2021-01-08,0
Coquimbo,Segunda,2021-01-08,0
Valparaíso,Primera,2021-01-08,600
Valparaíso,Segunda,2021-01-08,0
Metropolitana,Primera,2021-01-08,5820
Metropolitana,Segunda,2021-01-08,0
O’Higgins,Primera,2021-01-08,0
O’Higgins,Segunda,2021-01-08,0
Maule,Primera,2021-01-08,503
Maule,Segunda,2021-01-08,0
Ñuble,Primera,2021-01-08,0
Ñuble,Segunda,2021-01-08,0
Biobío,Primera,2021-01-08,2059
Biobío,Segunda,2021-01-08,0
Araucanía,Primera,2021-01-08,711
Araucanía,Segunda,2021-01-08,0
Los Ríos,Primera,2021-01-08,145
Los Ríos,Segunda,2021-01-08,0
Los Lagos,Primera,2021-01-08,540
Los Lagos,Segunda,2021-01-08,0
Aysén,Primera,2021-01-08,0
Aysén,Segunda,2021-01-08,0
Magallanes,Primera,2021-01-08,165
Magallanes,Segunda,2021-01-08,0
Total,Primera,2021-01-09,10703
Total,Segunda,2021-01-09,0
Arica y Parinacota,Primera,2021-01-09,0
Arica y Parinacota,Segunda,2021-01-09,0
Tarapacá,Primera,2021-01-09,160
Tarapacá,Segunda,2021-01-09,0
Antofagasta,Primera,2021-01-09,0
Antofagasta,Segunda,2021-01-09,0
Atacama,Primera,2021-01-09,0
Atacama,Segunda,2021-01-09,0
Coquimbo,Primera,2021-01-09,0
Coquimbo,Segunda,2021-01-09,0
Valparaíso,Primera,2021-01-09,600
Valparaíso,Segunda,2021-01-09,0
Metropolitana,Primera,2021-01-09,5820
Metropolitana,Segunda,2021-01-09,0
O’Higgins,Primera,2021-01-09,0
O’Higgins,Segunda,2021-01-09,0
Maule,Primera,2021-01-09,503
Maule,Segunda,2021-01-09,0
Ñuble,Primera,2021-01-09,0
Ñuble,Segunda,2021-01-09,0
Biobío,Primera,2021-01-09,2059
Biobío,Segunda,2021-01-09,0
Araucanía,Primera,2021-01-09,711
Araucanía,Segunda,2021-01-09,0
Los Ríos,Primera,2021-01-09,145
Los Ríos,Segunda,2021-01-09,0
Los Lagos,Primera,2021-01-09,540
Los Lagos,Segunda,2021-01-09,0
Aysén,Primera,2021-01-09,0
Aysén,Segunda,2021-01-09,0
Magallanes,Primera,2021-01-09,165
Magallanes,Segunda,2021-01-09,0
Total,Primera,2021-01-10,10703
Total,Segunda,2021-01-10,0
Arica y Parinacota,Primera,2021-01-10,0
Arica y Parinacota,Segunda,2021-01-10,0
Tarapacá,Primera,2021-01-10,160
Tarapacá,Segunda,2021-01-10,0
Antofagasta,Primera,2021-01-10,0
Antofagasta,Segunda,2021-01-10,0
Atacama,Primera,2021-01-10,0
Atacama,Segunda,2021-01-10,0
Coquimbo,Primera,2021-01-10,0
Coquimbo,Segunda,2021-01-10,0
Valparaíso,Primera,2021-01-10,600
Valparaíso,Segunda,2021-01-10,0
Metropolitana,Primera,2021-01-10,5820
Metropolitana,Segunda,2021-01-10,0
O’Higgins,Primera,2021-01-10,0
O’Higgins,Segunda,2021-01-10,0
Maule,Primera,2021-01-10,503
Maule,Segunda,2021-01-10,0
Ñuble,Primera,2021-01-10,0
Ñuble,Segunda,2021-01-10,0
Biobío,Primera,2021-01-10,2059
Biobío,Segunda,2021-01-10,0
Araucanía,Primera,2021-01-10,711
Araucanía,Segunda,2021-01-10,0
Los Ríos,Primera,2021-01-10,145
Los Ríos,Segunda,2021-01-10,0
Los Lagos,Primera,2021-01-10,540
Los Lagos,Segunda,2021-01-10,0
Aysén,Primera,2021-01-10,0
Aysén,Segunda,2021-01-10,0
Magallanes,Primera,2021-01-10,165
Magallanes,Segunda,2021-01-10,0
Total,Primera,2021-01-11,10703
Total,Segunda,2021-01-11,0
Arica y Parinacota,Primera,2021-01-11,0
Arica y Parinacota,Segunda,2021-01-11,0
Tarapacá,Primera,2021-01-11,160
Tarapacá,Segunda,2021-01-11,0
Antofagasta,Primera,2021-01-11,0
Antofagasta,Segunda,2021-01-11,0
Atacama,Primera,2021-01-11,0
Atacama,Segunda,2021-01-11,0
Coquimbo,Primera,2021-01-11,0
Coquimbo,Segunda,2021-01-11,0
Valparaíso,Primera,2021-01-11,600
Valparaíso,Segunda,2021-01-11,0
Metropolitana,Primera,2021-01-11,5820
Metropolitana,Segunda,2021-01-11,0
O’Higgins,Primera,2021-01-11,0
O’Higgins,Segunda,2021-01-11,0
Maule,Primera,2021-01-11,503
Maule,Segunda,2021-01-11,0
Ñuble,Primera,2021-01-11,0
Ñuble,Segunda,2021-01-11,0
Biobío,Primera,2021-01-11,2059
Biobío,Segunda,2021-01-11,0
Araucanía,Primera,2021-01-11,711
Araucanía,Segunda,2021-01-11,0
Los Ríos,Primera,2021-01-11,145
Los Ríos,Segunda,2021-01-11,0
Los Lagos,Primera,2021-01-11,540
Los Lagos,Segunda,2021-01-11,0
Aysén,Primera,2021-01-11,0
Aysén,Segunda,2021-01-11,0
Magallanes,Primera,2021-01-11,165
Magallanes,Segunda,2021-01-11,0
Total,Primera,2021-01-12,10703
Total,Segunda,2021-01-12,0
Arica y Parinacota,Primera,2021-01-12,0
Arica y Parinacota,Segunda,2021-01-12,0
Tarapacá,Primera,2021-01-12,160
Tarapacá,Segunda,2021-01-12,0
Antofagasta,Primera,2021-01-12,0
Antofagasta,Segunda,2021-01-12,0
Atacama,Primera,2021-01-12,0
Atacama,Segunda,2021-01-12,0
Coquimbo,Primera,2021-01-12,0
Coquimbo,Segunda,2021-01-12,0
Valparaíso,Primera,2021-01-12,600
Valparaíso,Segunda,2021-01-12,0
Metropolitana,Primera,2021-01-12,5820
Metropolitana,Segunda,2021-01-12,0
O’Higgins,Primera,2021-01-12,0
O’Higgins,Segunda,2021-01-12,0
Maule,Primera,2021-01-12,503
Maule,Segunda,2021-01-12,0
Ñuble,Primera,2021-01-12,0
Ñuble,Segunda,2021-01-12,0
Biobío,Primera,2021-01-12,2059
Biobío,Segunda,2021-01-12,0
Araucanía,Primera,2021-01-12,711
Araucanía,Segunda,2021-01-12,0
Los Ríos,Primera,2021-01-12,145
Los Ríos,Segunda,2021-01-12,0
Los Lagos,Primera,2021-01-12,540
Los Lagos,Segunda,2021-01-12,0
Aysén,Primera,2021-01-12,0
Aysén,Segunda,2021-01-12,0
Magallanes,Primera,2021-01-12,165
Magallanes,Segunda,2021-01-12,0
Total,Primera,2021-01-13,10704
Total,Segunda,2021-01-13,1029
Arica y Parinacota,Primera,2021-01-13,0
Arica y Parinacota,Segunda,2021-01-13,0
Tarapacá,Primera,2021-01-13,160
Tarapacá,Segunda,2021-01-13,0
Antofagasta,Primera,2021-01-13,0
Antofagasta,Segunda,2021-01-13,0
Atacama,Primera,2021-01-13,0
Atacama,Segunda,2021-01-13,0
Coquimbo,Primera,2021-01-13,0
Coquimbo,Segunda,2021-01-13,0
Valparaíso,Primera,2021-01-13,600
Valparaíso,Segunda,2021-01-13,0
Metropolitana,Primera,2021-01-13,5820
Metropolitana,Segunda,2021-01-13,896
O’Higgins,Primera,2021-01-13,0
O’Higgins,Segunda,2021-01-13,0
Maule,Primera,2021-01-13,503
Maule,Segunda,2021-01-13,0
Ñuble,Primera,2021-01-13,0
Ñuble,Segunda,2021-01-13,0
Biobío,Primera,2021-01-13,2059
Biobío,Segunda,2021-01-13,1
Araucanía,Primera,2021-01-13,711
Araucanía,Segunda,2021-01-13,0
Los Ríos,Primera,2021-01-13,145
Los Ríos,Segunda,2021-01-13,0
Los Lagos,Primera,2021-01-13,540
Los Lagos,Segunda,2021-01-13,0
Aysén,Primera,2021-01-13,0
Aysén,Segunda,2021-01-13,0
Magallanes,Primera,2021-01-13,166
Magallanes,Segunda,2021-01-13,132
Total,Primera,2021-01-14,12822
Total,Segunda,2021-01-14,5825
Arica y Parinacota,Primera,2021-01-14,0
Arica y Parinacota,Segunda,2021-01-14,0
Tarapacá,Primera,2021-01-14,160
Tarapacá,Segunda,2021-01-14,0
Antofagasta,Primera,2021-01-14,0
Antofagasta,Segunda,2021-01-14,0
Atacama,Primera,2021-01-14,0
Atacama,Segunda,2021-01-14,0
Coquimbo,Primera,2021-01-14,0
Coquimbo,Segunda,2021-01-14,0
Valparaíso,Primera,2021-01-14,1424
Valparaíso,Segunda,2021-01-14,0
Metropolitana,Primera,2021-01-14,7070
Metropolitana,Segunda,2021-01-14,3550
O’Higgins,Primera,2021-01-14,0
O’Higgins,Segunda,2021-01-14,0
Maule,Primera,2021-01-14,503
Maule,Segunda,2021-01-14,0
Ñuble,Primera,2021-01-14,0
Ñuble,Segunda,2021-01-14,0
Biobío,Primera,2021-01-14,2092
Biobío,Segunda,2021-01-14,1421
Araucanía,Primera,2021-01-14,722
Araucanía,Segunda,2021-01-14,697
Los Ríos,Primera,2021-01-14,145
Los Ríos,Segunda,2021-01-14,0
Los Lagos,Primera,2021-01-14,540
Los Lagos,Segunda,2021-01-14,0
Aysén,Primera,2021-01-14,0
Aysén,Segunda,2021-01-14,0
Magallanes,Primera,2021-01-14,166
Magallanes,Segunda,2021-01-14,157
Total,Primera,2021-01-15,13779
Total,Segunda,2021-01-15,8297
Arica y Parinacota,Primera,2021-01-15,0
Arica y Parinacota,Segunda,2021-01-15,0
Tarapacá,Primera,2021-01-15,160
Tarapacá,Segunda,2021-01-15,0
Antofagasta,Primera,2021-01-15,0
Antofagasta,Segunda,2021-01-15,0
Atacama,Primera,2021-01-15,0
Atacama,Segunda,2021-01-15,0
Coquimbo,Primera,2021-01-15,0
Coquimbo,Segunda,2021-01-15,0
Valparaíso,Primera,2021-01-15,1454
Valparaíso,Segunda,2021-01-15,0
Metropolitana,Primera,2021-01-15,7943
Metropolitana,Segunda,2021-01-15,5473
O’Higgins,Primera,2021-01-15,0
O’Higgins,Segunda,2021-01-15,0
Maule,Primera,2021-01-15,503
Maule,Segunda,2021-01-15,0
Ñuble,Primera,2021-01-15,0
Ñuble,Segunda,2021-01-15,0
Biobío,Primera,2021-01-15,2146
Biobío,Segunda,2021-01-15,1964
Araucanía,Primera,2021-01-15,722
Araucanía,Segunda,2021-01-15,697
Los Ríos,Primera,2021-01-15,145
Los Ríos,Segunda,2021-01-15,0
Los Lagos,Primera,2021-01-15,540
Los Lagos,Segunda,2021-01-15,0
Aysén,Primera,2021-01-15,0
Aysén,Segunda,2021-01-15,0
Magallanes,Primera,2021-01-15,166
Magallanes,Segunda,2021-01-15,163
Total,Primera,2021-01-16,13802
Total,Segunda,2021-01-16,8364
Arica y Parinacota,Primera,2021-01-16,0
Arica y Parinacota,Segunda,2021-01-16,0
Tarapacá,Primera,2021-01-16,160
Tarapacá,Segunda,2021-01-16,0
Antofagasta,Primera,2021-01-16,0
Antofagasta,Segunda,2021-01-16,0
Atacama,Primera,2021-01-16,0
Atacama,Segunda,2021-01-16,0
Coquimbo,Primera,2021-01-16,0
Coquimbo,Segunda,2021-01-16,0
Valparaíso,Primera,2021-01-16,1454
Valparaíso,Segunda,2021-01-16,0
Metropolitana,Primera,2021-01-16,7966
Metropolitana,Segunda,2021-01-16,5540
O’Higgins,Primera,2021-01-16,0
O’Higgins,Segunda,2021-01-16,0
Maule,Primera,2021-01-16,503
Maule,Segunda,2021-01-16,0
Ñuble,Primera,2021-01-16,0
Ñuble,Segunda,2021-01-16,0
Biobío,Primera,2021-01-16,2146
Biobío,Segunda,2021-01-16,1964
Araucanía,Primera,2021-01-16,722
Araucanía,Segunda,2021-01-16,697
Los Ríos,Primera,2021-01-16,145
Los Ríos,Segunda,2021-01-16,0
Los Lagos,Primera,2021-01-16,540
Los Lagos,Segunda,2021-01-16,0
Aysén,Primera,2021-01-16,0
Aysén,Segunda,2021-01-16,0
Magallanes,Primera,2021-01-16,166
Magallanes,Segunda,2021-01-16,163
Total,Primera,2021-01-17,13802
Total,Segunda,2021-01-17,8364
Arica y Parinacota,Primera,2021-01-17,0
Arica y Parinacota,Segunda,2021-01-17,0
Tarapacá,Primera,2021-01-17,160
Tarapacá,Segunda,2021-01-17,0
Antofagasta,Primera,2021-01-17,0
Antofagasta,Segunda,2021-01-17,0
Atacama,Primera,2021-01-17,0
Atacama,Segunda,2021-01-17,0
Coquimbo,Primera,2021-01-17,0
Coquimbo,Segunda,2021-01-17,0
Valparaíso,Primera,2021-01-17,1454
Valparaíso,Segunda,2021-01-17,0
Metropolitana,Primera,2021-01-17,7966
Metropolitana,Segunda,2021-01-17,5540
O’Higgins,Primera,2021-01-17,0
O’Higgins,Segunda,2021-01-17,0
Maule,Primera,2021-01-17,503
Maule,Segunda,2021-01-17,0
Ñuble,Primera,2021-01-17,0
Ñuble,Segunda,2021-01-17,0
Biobío,Primera,2021-01-17,2146
Biobío,Segunda,2021-01-17,1964
Araucanía,Primera,2021-01-17,722
Araucanía,Segunda,2021-01-17,697
Los Ríos,Primera,2021-01-17,145
Los Ríos,Segunda,2021-01-17,0
Los Lagos,Primera,2021-01-17,540
Los Lagos,Segunda,2021-01-17,0
Aysén,Primera,2021-01-17,0
Aysén,Segunda,2021-01-17,0
Magallanes,Primera,2021-01-17,166
Magallanes,Segunda,2021-01-17,163
Total,Primera,2021-01-18,24846
Total,Segunda,2021-01-18,8364
Arica y Parinacota,Primera,2021-01-18,904
Arica y Parinacota,Segunda,2021-01-18,0
Tarapacá,Primera,2021-01-18,160
Tarapacá,Segunda,2021-01-18,0
Antofagasta,Primera,2021-01-18,2773
Antofagasta,Segunda,2021-01-18,0
Atacama,Primera,2021-01-18,331
Atacama,Segunda,2021-01-18,0
Coquimbo,Primera,2021-01-18,2495
Coquimbo,Segunda,2021-01-18,0
Valparaíso,Primera,2021-01-18,1454
Valparaíso,Segunda,2021-01-18,0
Metropolitana,Primera,2021-01-18,7966
Metropolitana,Segunda,2021-01-18,5540
O’Higgins,Primera,2021-01-18,2190
O’Higgins,Segunda,2021-01-18,0
Maule,Primera,2021-01-18,503
Maule,Segunda,2021-01-18,0
Ñuble,Primera,2021-01-18,1719
Ñuble,Segunda,2021-01-18,0
Biobío,Primera,2021-01-18,2146
Biobío,Segunda,2021-01-18,1964
Araucanía,Primera,2021-01-18,722
Araucanía,Segunda,2021-01-18,697
Los Ríos,Primera,2021-01-18,145
Los Ríos,Segunda,2021-01-18,0
Los Lagos,Primera,2021-01-18,540
Los Lagos,Segunda,2021-01-18,0
Aysén,Primera,2021-01-18,632
Aysén,Segunda,2021-01-18,0
Magallanes,Primera,2021-01-18,166
Magallanes,Segunda,2021-01-18,163
Total,Primera,2021-01-19,44153
Total,Segunda,2021-01-19,8366
Arica y Parinacota,Primera,2021-01-19,2132
Arica y Parinacota,Segunda,2021-01-19,0
Tarapacá,Primera,2021-01-19,160
Tarapacá,Segunda,2021-01-19,0
Antofagasta,Primera,2021-01-19,5338
Antofagasta,Segunda,2021-01-19,0
Atacama,Primera,2021-01-19,1644
Atacama,Segunda,2021-01-19,1
Coquimbo,Primera,2021-01-19,6197
Coquimbo,Segunda,2021-01-19,0
Valparaíso,Primera,2021-01-19,1454
Valparaíso,Segunda,2021-01-19,0
Metropolitana,Primera,2021-01-19,7966
Metropolitana,Segunda,2021-01-19,5541
O’Higgins,Primera,2021-01-19,7896
O’Higgins,Segunda,2021-01-19,0
Maule,Primera,2021-01-19,503
Maule,Segunda,2021-01-19,0
Ñuble,Primera,2021-01-19,5437
Ñuble,Segunda,2021-01-19,0
Biobío,Primera,2021-01-19,2146
Biobío,Segunda,2021-01-19,1964
Araucanía,Primera,2021-01-19,722
Araucanía,Segunda,2021-01-19,697
Los Ríos,Primera,2021-01-19,145
Los Ríos,Segunda,2021-01-19,0
Los Lagos,Primera,2021-01-19,540
Los Lagos,Segunda,2021-01-19,0
Aysén,Primera,2021-01-19,1707
Aysén,Segunda,2021-01-19,0
Magallanes,Primera,2021-01-19,166
Magallanes,Segunda,2021-01-19,163
Total,Primera,2021-01-20,53404
Total,Segunda,2021-01-20,8366
Arica y Parinacota,Primera,2021-01-20,2821
Arica y Parinacota,Segunda,2021-01-20,0
Tarapacá,Primera,2021-01-20,160
Tarapacá,Segunda,2021-01-20,0
Antofagasta,Primera,2021-01-20,6109
Antofagasta,Segunda,2021-01-20,0
Atacama,Primera,2021-01-20,2457
Atacama,Segunda,2021-01-20,1
Coquimbo,Primera,2021-01-20,8196
Coquimbo,Segunda,2021-01-20,0
Valparaíso,Primera,2021-01-20,1454
Valparaíso,Segunda,2021-01-20,0
Metropolitana,Primera,2021-01-20,7966
Metropolitana,Segunda,2021-01-20,5541
O’Higgins,Primera,2021-01-20,10252
O’Higgins,Segunda,2021-01-20,0
Maule,Primera,2021-01-20,503
Maule,Segunda,2021-01-20,0
Ñuble,Primera,2021-01-20,7785
Ñuble,Segunda,2021-01-20,0
Biobío,Primera,2021-01-20,2146
Biobío,Segunda,2021-01-20,1964
Araucanía,Primera,2021-01-20,722
Araucanía,Segunda,2021-01-20,697
Los Ríos,Primera,2021-01-20,145
Los Ríos,Segunda,2021-01-20,0
Los Lagos,Primera,2021-01-20,540
Los Lagos,Segunda,2021-01-20,0
Aysén,Primera,2021-01-20,1982
Aysén,Segunda,2021-01-20,0
Magallanes,Primera,2021-01-20,166
Magallanes,Segunda,2021-01-20,163
Total,Primera,2021-01-21,56460
Total,Segunda,2021-01-21,8366
Arica y Parinacota,Primera,2021-01-21,2901
Arica y Parinacota,Segunda,2021-01-21,0
Tarapacá,Primera,2021-01-21,160
Tarapacá,Segunda,2021-01-21,0
Antofagasta,Primera,2021-01-21,6109
Antofagasta,Segunda,2021-01-21,0
Atacama,Primera,2021-01-21,3542
Atacama,Segunda,2021-01-21,1
Coquimbo,Primera,2021-01-21,8704
Coquimbo,Segunda,2021-01-21,0
Valparaíso,Primera,2021-01-21,1454
Valparaíso,Segunda,2021-01-21,0
Metropolitana,Primera,2021-01-21,7982
Metropolitana,Segunda,2021-01-21,5541
O’Higgins,Primera,2021-01-21,11549
O’Higgins,Segunda,2021-01-21,0
Maule,Primera,2021-01-21,503
Maule,Segunda,2021-01-21,0
Ñuble,Primera,2021-01-21,7785
Ñuble,Segunda,2021-01-21,0
Biobío,Primera,2021-01-21,2146
Biobío,Segunda,2021-01-21,1964
Araucanía,Primera,2021-01-21,722
Araucanía,Segunda,2021-01-21,697
Los Ríos,Primera,2021-01-21,145
Los Ríos,Segunda,2021-01-21,0
Los Lagos,Primera,2021-01-21,540
Los Lagos,Segunda,2021-01-21,0
Aysén,Primera,2021-01-21,2052
Aysén,Segunda,2021-01-21,0
Magallanes,Primera,2021-01-21,166
Magallanes,Segunda,2021-01-21,163
Total,Primera,2021-01-22,56871
Total,Segunda,2021-01-22,8366
Arica y Parinacota,Primera,2021-01-22,2901
Arica y Parinacota,Segunda,2021-01-22,0
Tarapacá,Primera,2021-01-22,160
Tarapacá,Segunda,2021-01-22,0
Antofagasta,Primera,2021-01-22,6109
Antofagasta,Segunda,2021-01-22,0
Atacama,Primera,2021-01-22,3806
Atacama,Segunda,2021-01-22,1
Coquimbo,Primera,2021-01-22,8766
Coquimbo,Segunda,2021-01-22,0
Valparaíso,Primera,2021-01-22,1454
Valparaíso,Segunda,2021-01-22,0
Metropolitana,Primera,2021-01-22,7992
Metropolitana,Segunda,2021-01-22,5541
O’Higgins,Primera,2021-01-22,11624
O’Higgins,Segunda,2021-01-22,0
Maule,Primera,2021-01-22,503
Maule,Segunda,2021-01-22,0
Ñuble,Primera,2021-01-22,7785
Ñuble,Segunda,2021-01-22,0
Biobío,Primera,2021-01-22,2146
Biobío,Segunda,2021-01-22,1964
Araucanía,Primera,2021-01-22,722
Araucanía,Segunda,2021-01-22,697
Los Ríos,Primera,2021-01-22,145
Los Ríos,Segunda,2021-01-22,0
Los Lagos,Primera,2021-01-22,540
Los Lagos,Segunda,2021-01-22,0
Aysén,Primera,2021-01-22,2052
Aysén,Segunda,2021-01-22,0
Magallanes,Primera,2021-01-22,166
Magallanes,Segunda,2021-01-22,163
Total,Primera,2021-01-23,56871
Total,Segunda,2021-01-23,8366
Arica y Parinacota,Primera,2021-01-23,2901
Arica y Parinacota,Segunda,2021-01-23,0
Tarapacá,Primera,2021-01-23,160
Tarapacá,Segunda,2021-01-23,0
Antofagasta,Primera,2021-01-23,6109
Antofagasta,Segunda,2021-01-23,0
Atacama,Primera,2021-01-23,3806
Atacama,Segunda,2021-01-23,1
Coquimbo,Primera,2021-01-23,8766
Coquimbo,Segunda,2021-01-23,0
Valparaíso,Primera,2021-01-23,1454
Valparaíso,Segunda,2021-01-23,0
Metropolitana,Primera,2021-01-23,7992
Metropolitana,Segunda,2021-01-23,5541
O’Higgins,Primera,2021-01-23,11624
O’Higgins,Segunda,2021-01-23,0
Maule,Primera,2021-01-23,503
Maule,Segunda,2021-01-23,0
Ñuble,Primera,2021-01-23,7785
Ñuble,Segunda,2021-01-23,0
Biobío,Primera,2021-01-23,2146
Biobío,Segunda,2021-01-23,1964
Araucanía,Primera,2021-01-23,722
Araucanía,Segunda,2021-01-23,697
Los Ríos,Primera,2021-01-23,145
Los Ríos,Segunda,2021-01-23,0
Los Lagos,Primera,2021-01-23,540
Los Lagos,Segunda,2021-01-23,0
Aysén,Primera,2021-01-23,2052
Aysén,Segunda,2021-01-23,0
Magallanes,Primera,2021-01-23,166
Magallanes,Segunda,2021-01-23,163
Total,Primera,2021-01-24,56871
Total,Segunda,2021-01-24,8366
Arica y Parinacota,Primera,2021-01-24,2901
Arica y Parinacota,Segunda,2021-01-24,0
Tarapacá,Primera,2021-01-24,160
Tarapacá,Segunda,2021-01-24,0
Antofagasta,Primera,2021-01-24,6109
Antofagasta,Segunda,2021-01-24,0
Atacama,Primera,2021-01-24,3806
Atacama,Segunda,2021-01-24,1
Coquimbo,Primera,2021-01-24,8766
Coquimbo,Segunda,2021-01-24,0
Valparaíso,Primera,2021-01-24,1454
Valparaíso,Segunda,2021-01-24,0
Metropolitana,Primera,2021-01-24,7992
Metropolitana,Segunda,2021-01-24,5541
O’Higgins,Primera,2021-01-24,11624
O’Higgins,Segunda,2021-01-24,0
Maule,Primera,2021-01-24,503
Maule,Segunda,2021-01-24,0
Ñuble,Primera,2021-01-24,7785
Ñuble,Segunda,2021-01-24,0
Biobío,Primera,2021-01-24,2146
Biobío,Segunda,2021-01-24,1964
Araucanía,Primera,2021-01-24,722
Araucanía,Segunda,2021-01-24,697
Los Ríos,Primera,2021-01-24,145
Los Ríos,Segunda,2021-01-24,0
Los Lagos,Primera,2021-01-24,540
Los Lagos,Segunda,2021-01-24,0
Aysén,Primera,2021-01-24,2052
Aysén,Segunda,2021-01-24,0
Magallanes,Primera,2021-01-24,166
Magallanes,Segunda,2021-01-24,163
Total,Primera,2021-01-25,56889
Total,Segunda,2021-01-25,9765
Arica y Parinacota,Primera,2021-01-25,2901
Arica y Parinacota,Segunda,2021-01-25,0
Tarapacá,Primera,2021-01-25,160
Tarapacá,Segunda,2021-01-25,0
Antofagasta,Primera,2021-01-25,6109
Antofagasta,Segunda,2021-01-25,0
Atacama,Primera,2021-01-25,3807
Atacama,Segunda,2021-01-25,1
Coquimbo,Primera,2021-01-25,8766
Coquimbo,Segunda,2021-01-25,0
Valparaíso,Primera,2021-01-25,1463
Valparaíso,Segunda,2021-01-25,587
Metropolitana,Primera,2021-01-25,7998
Metropolitana,Segunda,2021-01-25,5652
O’Higgins,Primera,2021-01-25,11624
O’Higgins,Segunda,2021-01-25,0
Maule,Primera,2021-01-25,503
Maule,Segunda,2021-01-25,289
Ñuble,Primera,2021-01-25,7785
Ñuble,Segunda,2021-01-25,0
Biobío,Primera,2021-01-25,2146
Biobío,Segunda,2021-01-25,1964
Araucanía,Primera,2021-01-25,722
Araucanía,Segunda,2021-01-25,697
Los Ríos,Primera,2021-01-25,145
Los Ríos,Segunda,2021-01-25,70
Los Lagos,Primera,2021-01-25,542
Los Lagos,Segunda,2021-01-25,342
Aysén,Primera,2021-01-25,2052
Aysén,Segunda,2021-01-25,0
Magallanes,Primera,2021-01-25,166
Magallanes,Segunda,2021-01-25,163
Total,Primera,2021-01-26,56910
Total,Segunda,2021-01-26,10359
Arica y Parinacota,Primera,2021-01-26,2901
Arica y Parinacota,Segunda,2021-01-26,0
Tarapacá,Primera,2021-01-26,160
Tarapacá,Segunda,2021-01-26,152
Antofagasta,Primera,2021-01-26,6109
Antofagasta,Segunda,2021-01-26,0
Atacama,Primera,2021-01-26,3809
Atacama,Segunda,2021-01-26,1
Coquimbo,Primera,2021-01-26,8766
Coquimbo,Segunda,2021-01-26,0
Valparaíso,Primera,2021-01-26,1463
Valparaíso,Segunda,2021-01-26,587
Metropolitana,Primera,2021-01-26,8008
Metropolitana,Segunda,2021-01-26,5653
O’Higgins,Primera,2021-01-26,11624
O’Higgins,Segunda,2021-01-26,0
Maule,Primera,2021-01-26,512
Maule,Segunda,2021-01-26,496
Ñuble,Primera,2021-01-26,7785
Ñuble,Segunda,2021-01-26,0
Biobío,Primera,2021-01-26,2146
Biobío,Segunda,2021-01-26,1964
Araucanía,Primera,2021-01-26,722
Araucanía,Segunda,2021-01-26,697
Los Ríos,Primera,2021-01-26,145
Los Ríos,Segunda,2021-01-26,145
Los Lagos,Primera,2021-01-26,542
Los Lagos,Segunda,2021-01-26,501
Aysén,Primera,2021-01-26,2052
Aysén,Segunda,2021-01-26,0
Magallanes,Primera,2021-01-26,166
Magallanes,Segunda,2021-01-26,163
Total,Primera,2021-01-27,56911
Total,Segunda,2021-01-27,10393
Arica y Parinacota,Primera,2021-01-27,2901
Arica y Parinacota,Segunda,2021-01-27,0
Tarapacá,Primera,2021-01-27,160
Tarapacá,Segunda,2021-01-27,157
Antofagasta,Primera,2021-01-27,6109
Antofagasta,Segunda,2021-01-27,0
Atacama,Primera,2021-01-27,3809
Atacama,Segunda,2021-01-27,1
Coquimbo,Primera,2021-01-27,8766
Coquimbo,Segunda,2021-01-27,0
Valparaíso,Primera,2021-01-27,1463
Valparaíso,Segunda,2021-01-27,587
Metropolitana,Primera,2021-01-27,8008
Metropolitana,Segunda,2021-01-27,5653
O’Higgins,Primera,2021-01-27,11624
O’Higgins,Segunda,2021-01-27,0
Maule,Primera,2021-01-27,512
Maule,Segunda,2021-01-27,496
Ñuble,Primera,2021-01-27,7785
Ñuble,Segunda,2021-01-27,0
Biobío,Primera,2021-01-27,2146
Biobío,Segunda,2021-01-27,1964
Araucanía,Primera,2021-01-27,722
Araucanía,Segunda,2021-01-27,697
Los Ríos,Primera,2021-01-27,145
Los Ríos,Segunda,2021-01-27,145
Los Lagos,Primera,2021-01-27,543
Los Lagos,Segunda,2021-01-27,530
Aysén,Primera,2021-01-27,2052
Aysén,Segunda,2021-01-27,0
Magallanes,Primera,2021-01-27,166
Magallanes,Segunda,2021-01-27,163
Total,Primera,2021-01-28,56911
Total,Segunda,2021-01-28,10393
Arica y Parinacota,Primera,2021-01-28,2901
Arica y Parinacota,Segunda,2021-01-28,0
Tarapacá,Primera,2021-01-28,160
Tarapacá,Segunda,2021-01-28,157
Antofagasta,Primera,2021-01-28,6109
Antofagasta,Segunda,2021-01-28,0
Atacama,Primera,2021-01-28,3809
Atacama,Segunda,2021-01-28,1
Coquimbo,Primera,2021-01-28,8766
Coquimbo,Segunda,2021-01-28,0
Valparaíso,Primera,2021-01-28,1463
Valparaíso,Segunda,2021-01-28,587
Metropolitana,Primera,2021-01-28,8008
Metropolitana,Segunda,2021-01-28,5653
O’Higgins,Primera,2021-01-28,11624
O’Higgins,Segunda,2021-01-28,0
Maule,Primera,2021-01-28,512
Maule,Segunda,2021-01-28,496
Ñuble,Primera,2021-01-28,7785
Ñuble,Segunda,2021-01-28,0
Biobío,Primera,2021-01-28,2146
Biobío,Segunda,2021-01-28,1964
Araucanía,Primera,2021-01-28,722
Araucanía,Segunda,2021-01-28,697
Los Ríos,Primera,2021-01-28,145
Los Ríos,Segunda,2021-01-28,145
Los Lagos,Primera,2021-01-28,543
Los Lagos,Segunda,2021-01-28,530
Aysén,Primera,2021-01-28,2052
Aysén,Segunda,2021-01-28,0
Magallanes,Primera,2021-01-28,166
Magallanes,Segunda,2021-01-28,163
Total,Primera,2021-01-29,56911
Total,Segunda,2021-01-29,10398
Arica y Parinacota,Primera,2021-01-29,2901
Arica y Parinacota,Segunda,2021-01-29,0
Tarapacá,Primera,2021-01-29,160
Tarapacá,Segunda,2021-01-29,157
Antofagasta,Primera,2021-01-29,6109
Antofagasta,Segunda,2021-01-29,0
Atacama,Primera,2021-01-29,3809
Atacama,Segunda,2021-01-29,1
Coquimbo,Primera,2021-01-29,8766
Coquimbo,Segunda,2021-01-29,0
Valparaíso,Primera,2021-01-29,1463
Valparaíso,Segunda,2021-01-29,587
Metropolitana,Primera,2021-01-29,8008
Metropolitana,Segunda,2021-01-29,5653
O’Higgins,Primera,2021-01-29,11624
O’Higgins,Segunda,2021-01-29,0
Maule,Primera,2021-01-29,512
Maule,Segunda,2021-01-29,496
Ñuble,Primera,2021-01-29,7785
Ñuble,Segunda,2021-01-29,0
Biobío,Primera,2021-01-29,2146
Biobío,Segunda,2021-01-29,1964
Araucanía,Primera,2021-01-29,722
Araucanía,Segunda,2021-01-29,697
Los Ríos,Primera,2021-01-29,145
Los Ríos,Segunda,2021-01-29,145
Los Lagos,Primera,2021-01-29,543
Los Lagos,Segunda,2021-01-29,535
Aysén,Primera,2021-01-29,2052
Aysén,Segunda,2021-01-29,0
Magallanes,Primera,2021-01-29,166
Magallanes,Segunda,2021-01-29,163
Total,Primera,2021-01-30,56911
Total,Segunda,2021-01-30,10398
Arica y Parinacota,Primera,2021-01-30,2901
Arica y Parinacota,Segunda,2021-01-30,0
Tarapacá,Primera,2021-01-30,160
Tarapacá,Segunda,2021-01-30,157
Antofagasta,Primera,2021-01-30,6109
Antofagasta,Segunda,2021-01-30,0
Atacama,Primera,2021-01-30,3809
Atacama,Segunda,2021-01-30,1
Coquimbo,Primera,2021-01-30,8766
Coquimbo,Segunda,2021-01-30,0
Valparaíso,Primera,2021-01-30,1463
Valparaíso,Segunda,2021-01-30,587
Metropolitana,Primera,2021-01-30,8008
Metropolitana,Segunda,2021-01-30,5653
O’Higgins,Primera,2021-01-30,11624
O’Higgins,Segunda,2021-01-30,0
Maule,Primera,2021-01-30,512
Maule,Segunda,2021-01-30,496
Ñuble,Primera,2021-01-30,7785
Ñuble,Segunda,2021-01-30,0
Biobío,Primera,2021-01-30,2146
Biobío,Segunda,2021-01-30,1964
Araucanía,Primera,2021-01-30,722
Araucanía,Segunda,2021-01-30,697
Los Ríos,Primera,2021-01-30,145
Los Ríos,Segunda,2021-01-30,145
Los Lagos,Primera,2021-01-30,543
Los Lagos,Segunda,2021-01-30,535
Aysén,Primera,2021-01-30,2052
Aysén,Segunda,2021-01-30,0
Magallanes,Primera,2021-01-30,166
Magallanes,Segunda,2021-01-30,163
Total,Primera,2021-01-31,56911
Total,Segunda,2021-01-31,10398
Arica y Parinacota,Primera,2021-01-31,2901
Arica y Parinacota,Segunda,2021-01-31,0
Tarapacá,Primera,2021-01-31,160
Tarapacá,Segunda,2021-01-31,157
Antofagasta,Primera,2021-01-31,6109
Antofagasta,Segunda,2021-01-31,0
Atacama,Primera,2021-01-31,3809
Atacama,Segunda,2021-01-31,1
Coquimbo,Primera,2021-01-31,8766
Coquimbo,Segunda,2021-01-31,0
Valparaíso,Primera,2021-01-31,1463
Valparaíso,Segunda,2021-01-31,587
Metropolitana,Primera,2021-01-31,8008
Metropolitana,Segunda,2021-01-31,5653
O’Higgins,Primera,2021-01-31,11624
O’Higgins,Segunda,2021-01-31,0
Maule,Primera,2021-01-31,512
Maule,Segunda,2021-01-31,496
Ñuble,Primera,2021-01-31,7785
Ñuble,Segunda,2021-01-31,0
Biobío,Primera,2021-01-31,2146
Biobío,Segunda,2021-01-31,1964
Araucanía,Primera,2021-01-31,722
Araucanía,Segunda,2021-01-31,697
Los Ríos,Primera,2021-01-31,145
Los Ríos,Segunda,2021-01-31,145
Los Lagos,Primera,2021-01-31,543
Los Lagos,Segunda,2021-01-31,535
Aysén,Primera,2021-01-31,2052
Aysén,Segunda,2021-01-31,0
Magallanes,Primera,2021-01-31,166
Magallanes,Segunda,2021-01-31,163
Total,Primera,2021-02-01,56911
Total,Segunda,2021-02-01,10398
Arica y Parinacota,Primera,2021-02-01,2901
Arica y Parinacota,Segunda,2021-02-01,0
Tarapacá,Primera,2021-02-01,160
Tarapacá,Segunda,2021-02-01,157
Antofagasta,Primera,2021-02-01,6109
Antofagasta,Segunda,2021-02-01,0
Atacama,Primera,2021-02-01,3809
Atacama,Segunda,2021-02-01,1
Coquimbo,Primera,2021-02-01,8766
Coquimbo,Segunda,2021-02-01,0
Valparaíso,Primera,2021-02-01,1463
Valparaíso,Segunda,2021-02-01,587
Metropolitana,Primera,2021-02-01,8008
Metropolitana,Segunda,2021-02-01,5653
O’Higgins,Primera,2021-02-01,11624
O’Higgins,Segunda,2021-02-01,0
Maule,Primera,2021-02-01,512
Maule,Segunda,2021-02-01,496
Ñuble,Primera,2021-02-01,7785
Ñuble,Segunda,2021-02-01,0
Biobío,Primera,2021-02-01,2146
Biobío,Segunda,2021-02-01,1964
Araucanía,Primera,2021-02-01,722
Araucanía,Segunda,2021-02-01,697
Los Ríos,Primera,2021-02-01,145
Los Ríos,Segunda,2021-02-01,145
Los Lagos,Primera,2021-02-01,543
Los Lagos,Segunda,2021-02-01,535
Aysén,Primera,2021-02-01,2052
Aysén,Segunda,2021-02-01,0
Magallanes,Primera,2021-02-01,166
Magallanes,Segunda,2021-02-01,163
Total,Primera,2021-02-02,70029
Total,Segunda,2021-02-02,10404
Arica y Parinacota,Primera,2021-02-02,2978
Arica y Parinacota,Segunda,2021-02-02,0
Tarapacá,Primera,2021-02-02,334
Tarapacá,Segunda,2021-02-02,157
Antofagasta,Primera,2021-02-02,6325
Antofagasta,Segunda,2021-02-02,0
Atacama,Primera,2021-02-02,3811
Atacama,Segunda,2021-02-02,7
Coquimbo,Primera,2021-02-02,8766
Coquimbo,Segunda,2021-02-02,0
Valparaíso,Primera,2021-02-02,3092
Valparaíso,Segunda,2021-02-02,587
Metropolitana,Primera,2021-02-02,12076
Metropolitana,Segunda,2021-02-02,5653
O’Higgins,Primera,2021-02-02,11867
O’Higgins,Segunda,2021-02-02,0
Maule,Primera,2021-02-02,1667
Maule,Segunda,2021-02-02,496
Ñuble,Primera,2021-02-02,7824
Ñuble,Segunda,2021-02-02,0
Biobío,Primera,2021-02-02,6306
Biobío,Segunda,2021-02-02,1964
Araucanía,Primera,2021-02-02,942
Araucanía,Segunda,2021-02-02,697
Los Ríos,Primera,2021-02-02,748
Los Ríos,Segunda,2021-02-02,145
Los Lagos,Primera,2021-02-02,802
Los Lagos,Segunda,2021-02-02,535
Aysén,Primera,2021-02-02,2269
Aysén,Segunda,2021-02-02,0
Magallanes,Primera,2021-02-02,222
Magallanes,Segunda,2021-02-02,163
Total,Primera,2021-02-03,240005
Total,Segunda,2021-02-03,10404
Arica y Parinacota,Primera,2021-02-03,4419
Arica y Parinacota,Segunda,2021-02-03,0
Tarapacá,Primera,2021-02-03,2499
Tarapacá,Segunda,2021-02-03,157
Antofagasta,Primera,2021-02-03,9311
Antofagasta,Segunda,2021-02-03,0
Atacama,Primera,2021-02-03,9383
Atacama,Segunda,2021-02-03,7
Coquimbo,Primera,2021-02-03,12763
Coquimbo,Segunda,2021-02-03,0
Valparaíso,Primera,2021-02-03,19394
Valparaíso,Segunda,2021-02-03,587
Metropolitana,Primera,2021-02-03,71821
Metropolitana,Segunda,2021-02-03,5653
O’Higgins,Primera,2021-02-03,18910
O’Higgins,Segunda,2021-02-03,0
Maule,Primera,2021-02-03,14294
Maule,Segunda,2021-02-03,496
Ñuble,Primera,2021-02-03,13454
Ñuble,Segunda,2021-02-03,0
Biobío,Primera,2021-02-03,28022
Biobío,Segunda,2021-02-03,1964
Araucanía,Primera,2021-02-03,13338
Araucanía,Segunda,2021-02-03,697
Los Ríos,Primera,2021-02-03,5481
Los Ríos,Segunda,2021-02-03,145
Los Lagos,Primera,2021-02-03,9725
Los Lagos,Segunda,2021-02-03,535
Aysén,Primera,2021-02-03,3586
Aysén,Segunda,2021-02-03,0
Magallanes,Primera,2021-02-03,3605
Magallanes,Segunda,2021-02-03,163
Total,Primera,2021-02-04,413429
Total,Segunda,2021-02-04,12511
Arica y Parinacota,Primera,2021-02-04,7232
Arica y Parinacota,Segunda,2021-02-04,0
Tarapacá,Primera,2021-02-04,4506
Tarapacá,Segunda,2021-02-04,157
Antofagasta,Primera,2021-02-04,12768
Antofagasta,Segunda,2021-02-04,0
Atacama,Primera,2021-02-04,14968
Atacama,Segunda,2021-02-04,7
Coquimbo,Primera,2021-02-04,17551
Coquimbo,Segunda,2021-02-04,0
Valparaíso,Primera,2021-02-04,37416
Valparaíso,Segunda,2021-02-04,1424
Metropolitana,Primera,2021-02-04,135074
Metropolitana,Segunda,2021-02-04,6923
O’Higgins,Primera,2021-02-04,28243
O’Higgins,Segunda,2021-02-04,0
Maule,Primera,2021-02-04,26592
Maule,Segunda,2021-02-04,496
Ñuble,Primera,2021-02-04,20137
Ñuble,Segunda,2021-02-04,0
Biobío,Primera,2021-02-04,46473
Biobío,Segunda,2021-02-04,1964
Araucanía,Primera,2021-02-04,22449
Araucanía,Segunda,2021-02-04,697
Los Ríos,Primera,2021-02-04,10155
Los Ríos,Segunda,2021-02-04,145
Los Lagos,Primera,2021-02-04,18247
Los Lagos,Segunda,2021-02-04,535
Aysén,Primera,2021-02-04,4912
Aysén,Segunda,2021-02-04,0
Magallanes,Primera,2021-02-04,6706
Magallanes,Segunda,2021-02-04,163
Total,Primera,2021-02-05,581577
Total,Segunda,2021-02-05,13181
Arica y Parinacota,Primera,2021-02-05,9513
Arica y Parinacota,Segunda,2021-02-05,0
Tarapacá,Primera,2021-02-05,6919
Tarapacá,Segunda,2021-02-05,157
Antofagasta,Primera,2021-02-05,15826
Antofagasta,Segunda,2021-02-05,0
Atacama,Primera,2021-02-05,19592
Atacama,Segunda,2021-02-05,7
Coquimbo,Primera,2021-02-05,22333
Coquimbo,Segunda,2021-02-05,0
Valparaíso,Primera,2021-02-05,56730
Valparaíso,Segunda,2021-02-05,1428
Metropolitana,Primera,2021-02-05,197616
Metropolitana,Segunda,2021-02-05,7587
O’Higgins,Primera,2021-02-05,37119
O’Higgins,Segunda,2021-02-05,1
Maule,Primera,2021-02-05,39819
Maule,Segunda,2021-02-05,496
Ñuble,Primera,2021-02-05,26313
Ñuble,Segunda,2021-02-05,0
Biobío,Primera,2021-02-05,62894
Biobío,Segunda,2021-02-05,1964
Araucanía,Primera,2021-02-05,30502
Araucanía,Segunda,2021-02-05,697
Los Ríos,Primera,2021-02-05,14521
Los Ríos,Segunda,2021-02-05,145
Los Lagos,Primera,2021-02-05,26863
Los Lagos,Segunda,2021-02-05,535
Aysén,Primera,2021-02-05,6044
Aysén,Segunda,2021-02-05,0
Magallanes,Primera,2021-02-05,8973
Magallanes,Segunda,2021-02-05,164
Total,Primera,2021-02-06,609375
Total,Segunda,2021-02-06,13186
Arica y Parinacota,Primera,2021-02-06,9806
Arica y Parinacota,Segunda,2021-02-06,0
Tarapacá,Primera,2021-02-06,7458
Tarapacá,Segunda,2021-02-06,157
Antofagasta,Primera,2021-02-06,16009
Antofagasta,Segunda,2021-02-06,0
Atacama,Primera,2021-02-06,20061
Atacama,Segunda,2021-02-06,7
Coquimbo,Primera,2021-02-06,22341
Coquimbo,Segunda,2021-02-06,0
Valparaíso,Primera,2021-02-06,58014
Valparaíso,Segunda,2021-02-06,1428
Metropolitana,Primera,2021-02-06,207904
Metropolitana,Segunda,2021-02-06,7592
O’Higgins,Primera,2021-02-06,38237
O’Higgins,Segunda,2021-02-06,1
Maule,Primera,2021-02-06,43700
Maule,Segunda,2021-02-06,496
Ñuble,Primera,2021-02-06,26547
Ñuble,Segunda,2021-02-06,0
Biobío,Primera,2021-02-06,67047
Biobío,Segunda,2021-02-06,1964
Araucanía,Primera,2021-02-06,31631
Araucanía,Segunda,2021-02-06,697
Los Ríos,Primera,2021-02-06,15109
Los Ríos,Segunda,2021-02-06,145
Los Lagos,Primera,2021-02-06,30440
Los Lagos,Segunda,2021-02-06,535
Aysén,Primera,2021-02-06,6062
Aysén,Segunda,2021-02-06,0
Magallanes,Primera,2021-02-06,9009
Magallanes,Segunda,2021-02-06,164
Total,Primera,2021-02-07,617966
Total,Segunda,2021-02-07,13186
Arica y Parinacota,Primera,2021-02-07,9840
Arica y Parinacota,Segunda,2021-02-07,0
Tarapacá,Primera,2021-02-07,7458
Tarapacá,Segunda,2021-02-07,157
Antofagasta,Primera,2021-02-07,16009
Antofagasta,Segunda,2021-02-07,0
Atacama,Primera,2021-02-07,20061
Atacama,Segunda,2021-02-07,7
Coquimbo,Primera,2021-02-07,22341
Coquimbo,Segunda,2021-02-07,0
Valparaíso,Primera,2021-02-07,58052
Valparaíso,Segunda,2021-02-07,1428
Metropolitana,Primera,2021-02-07,209826
Metropolitana,Segunda,2021-02-07,7592
O’Higgins,Primera,2021-02-07,38304
O’Higgins,Segunda,2021-02-07,1
Maule,Primera,2021-02-07,46288
Maule,Segunda,2021-02-07,496
Ñuble,Primera,2021-02-07,26663
Ñuble,Segunda,2021-02-07,0
Biobío,Primera,2021-02-07,69670
Biobío,Segunda,2021-02-07,1964
Araucanía,Primera,2021-02-07,31631
Araucanía,Segunda,2021-02-07,697
Los Ríos,Primera,2021-02-07,15626
Los Ríos,Segunda,2021-02-07,145
Los Lagos,Primera,2021-02-07,31126
Los Lagos,Segunda,2021-02-07,535
Aysén,Primera,2021-02-07,6062
Aysén,Segunda,2021-02-07,0
Magallanes,Primera,2021-02-07,9009
Magallanes,Segunda,2021-02-07,164
Total,Primera,2021-02-08,838315
Total,Segunda,2021-02-08,24833
Arica y Parinacota,Primera,2021-02-08,12258
Arica y Parinacota,Segunda,2021-02-08,887
Tarapacá,Primera,2021-02-08,10850
Tarapacá,Segunda,2021-02-08,157
Antofagasta,Primera,2021-02-08,19592
Antofagasta,Segunda,2021-02-08,2400
Atacama,Primera,2021-02-08,23609
Atacama,Segunda,2021-02-08,500
Coquimbo,Primera,2021-02-08,30148
Coquimbo,Segunda,2021-02-08,2686
Valparaíso,Primera,2021-02-08,85716
Valparaíso,Segunda,2021-02-08,1428
Metropolitana,Primera,2021-02-08,293221
Metropolitana,Segunda,2021-02-08,7602
O’Higgins,Primera,2021-02-08,48080
O’Higgins,Segunda,2021-02-08,2512
Maule,Primera,2021-02-08,60941
Maule,Segunda,2021-02-08,496
Ñuble,Primera,2021-02-08,33832
Ñuble,Segunda,2021-02-08,2015
Biobío,Primera,2021-02-08,92910
Biobío,Segunda,2021-02-08,1964
Araucanía,Primera,2021-02-08,42798
Araucanía,Segunda,2021-02-08,697
Los Ríos,Primera,2021-02-08,21064
Los Ríos,Segunda,2021-02-08,145
Los Lagos,Primera,2021-02-08,43827
Los Lagos,Segunda,2021-02-08,535
Aysén,Primera,2021-02-08,7299
Aysén,Segunda,2021-02-08,645
Magallanes,Primera,2021-02-08,12170
Magallanes,Segunda,2021-02-08,164
Total,Primera,2021-02-09,1079332
Total,Segunda,2021-02-09,44120
Arica y Parinacota,Primera,2021-02-09,14523
Arica y Parinacota,Segunda,2021-02-09,2094
Tarapacá,Primera,2021-02-09,14852
Tarapacá,Segunda,2021-02-09,157
Antofagasta,Primera,2021-02-09,24020
Antofagasta,Segunda,2021-02-09,5243
Atacama,Primera,2021-02-09,25998
Atacama,Segunda,2021-02-09,1740
Coquimbo,Primera,2021-02-09,38992
Coquimbo,Segunda,2021-02-09,6354
Valparaíso,Primera,2021-02-09,116002
Valparaíso,Segunda,2021-02-09,1428
Metropolitana,Primera,2021-02-09,383897
Metropolitana,Segunda,2021-02-09,7752
O’Higgins,Primera,2021-02-09,57448
O’Higgins,Segunda,2021-02-09,7954
Maule,Primera,2021-02-09,75949
Maule,Segunda,2021-02-09,496
Ñuble,Primera,2021-02-09,41667
Ñuble,Segunda,2021-02-09,5686
Biobío,Primera,2021-02-09,120214
Biobío,Segunda,2021-02-09,1995
Araucanía,Primera,2021-02-09,57169
Araucanía,Segunda,2021-02-09,697
Los Ríos,Primera,2021-02-09,27931
Los Ríos,Segunda,2021-02-09,145
Los Lagos,Primera,2021-02-09,56733
Los Lagos,Segunda,2021-02-09,535
Aysén,Primera,2021-02-09,8453
Aysén,Segunda,2021-02-09,1680
Magallanes,Primera,2021-02-09,15484
Magallanes,Segunda,2021-02-09,164
Total,Primera,2021-02-10,1350270
Total,Segunda,2021-02-10,52383
Arica y Parinacota,Primera,2021-02-10,17216
Arica y Parinacota,Segunda,2021-02-10,2737
Tarapacá,Primera,2021-02-10,19661
Tarapacá,Segunda,2021-02-10,157
Antofagasta,Primera,2021-02-10,29725
Antofagasta,Segunda,2021-02-10,5875
Atacama,Primera,2021-02-10,28210
Atacama,Segunda,2021-02-10,2588
Coquimbo,Primera,2021-02-10,49038
Coquimbo,Segunda,2021-02-10,7962
Valparaíso,Primera,2021-02-10,149206
Valparaíso,Segunda,2021-02-10,1428
Metropolitana,Primera,2021-02-10,485174
Metropolitana,Segunda,2021-02-10,7810
O’Higgins,Primera,2021-02-10,70412
O’Higgins,Segunda,2021-02-10,10133
Maule,Primera,2021-02-10,92466
Maule,Segunda,2021-02-10,496
Ñuble,Primera,2021-02-10,50726
Ñuble,Segunda,2021-02-10,7652
Biobío,Primera,2021-02-10,151526
Biobío,Segunda,2021-02-10,2076
Araucanía,Primera,2021-02-10,71987
Araucanía,Segunda,2021-02-10,697
Los Ríos,Primera,2021-02-10,35080
Los Ríos,Segunda,2021-02-10,145
Los Lagos,Primera,2021-02-10,69651
Los Lagos,Segunda,2021-02-10,535
Aysén,Primera,2021-02-10,10078
Aysén,Segunda,2021-02-10,1928
Magallanes,Primera,2021-02-10,20114
Magallanes,Segunda,2021-02-10,164
Total,Primera,2021-02-11,1599766
Total,Segunda,2021-02-11,54994
Arica y Parinacota,Primera,2021-02-11,19822
Arica y Parinacota,Segunda,2021-02-11,2805
Tarapacá,Primera,2021-02-11,23976
Tarapacá,Segunda,2021-02-11,157
Antofagasta,Primera,2021-02-11,36290
Antofagasta,Segunda,2021-02-11,5875
Atacama,Primera,2021-02-11,30141
Atacama,Segunda,2021-02-11,3321
Coquimbo,Primera,2021-02-11,58521
Coquimbo,Segunda,2021-02-11,8455
Valparaíso,Primera,2021-02-11,180199
Valparaíso,Segunda,2021-02-11,1428
Metropolitana,Primera,2021-02-11,575573
Metropolitana,Segunda,2021-02-11,7825
O’Higgins,Primera,2021-02-11,81442
O’Higgins,Segunda,2021-02-11,11277
Maule,Primera,2021-02-11,107433
Maule,Segunda,2021-02-11,496
Ñuble,Primera,2021-02-11,61050
Ñuble,Segunda,2021-02-11,7699
Biobío,Primera,2021-02-11,180129
Biobío,Segunda,2021-02-11,2113
Araucanía,Primera,2021-02-11,86216
Araucanía,Segunda,2021-02-11,697
Los Ríos,Primera,2021-02-11,42158
Los Ríos,Segunda,2021-02-11,145
Los Lagos,Primera,2021-02-11,81765
Los Lagos,Segunda,2021-02-11,535
Aysén,Primera,2021-02-11,11417
Aysén,Segunda,2021-02-11,2002
Magallanes,Primera,2021-02-11,23634
Magallanes,Segunda,2021-02-11,164
Total,Primera,2021-02-12,1828226
Total,Segunda,2021-02-12,55198
Arica y Parinacota,Primera,2021-02-12,22686
Arica y Parinacota,Segunda,2021-02-12,2808
Tarapacá,Primera,2021-02-12,28186
Tarapacá,Segunda,2021-02-12,157
Antofagasta,Primera,2021-02-12,42639
Antofagasta,Segunda,2021-02-12,5886
Atacama,Primera,2021-02-12,32623
Atacama,Segunda,2021-02-12,3398
Coquimbo,Primera,2021-02-12,67276
Coquimbo,Segunda,2021-02-12,8464
Valparaíso,Primera,2021-02-12,207921
Valparaíso,Segunda,2021-02-12,1428
Metropolitana,Primera,2021-02-12,662288
Metropolitana,Segunda,2021-02-12,7836
O’Higgins,Primera,2021-02-12,92521
O’Higgins,Segunda,2021-02-12,11359
Maule,Primera,2021-02-12,120097
Maule,Segunda,2021-02-12,496
Ñuble,Primera,2021-02-12,69894
Ñuble,Segunda,2021-02-12,7703
Biobío,Primera,2021-02-12,201978
Biobío,Segunda,2021-02-12,2119
Araucanía,Primera,2021-02-12,100081
Araucanía,Segunda,2021-02-12,697
Los Ríos,Primera,2021-02-12,47542
Los Ríos,Segunda,2021-02-12,145
Los Lagos,Primera,2021-02-12,93041
Los Lagos,Segunda,2021-02-12,535
Aysén,Primera,2021-02-12,12772
Aysén,Segunda,2021-02-12,2003
Magallanes,Primera,2021-02-12,26681
Magallanes,Segunda,2021-02-12,164
Total,Primera,2021-02-13,1857791
Total,Segunda,2021-02-13,55232
Arica y Parinacota,Primera,2021-02-13,22798
Arica y Parinacota,Segunda,2021-02-13,2808
Tarapacá,Primera,2021-02-13,28357
Tarapacá,Segunda,2021-02-13,157
Antofagasta,Primera,2021-02-13,43408
Antofagasta,Segunda,2021-02-13,5886
Atacama,Primera,2021-02-13,33055
Atacama,Segunda,2021-02-13,3398
Coquimbo,Primera,2021-02-13,67757
Coquimbo,Segunda,2021-02-13,8498
Valparaíso,Primera,2021-02-13,209250
Valparaíso,Segunda,2021-02-13,1428
Metropolitana,Primera,2021-02-13,676251
Metropolitana,Segunda,2021-02-13,7836
O’Higgins,Primera,2021-02-13,93734
O’Higgins,Segunda,2021-02-13,11359
Maule,Primera,2021-02-13,121537
Maule,Segunda,2021-02-13,496
Ñuble,Primera,2021-02-13,70190
Ñuble,Segunda,2021-02-13,7703
Biobío,Primera,2021-02-13,205215
Biobío,Segunda,2021-02-13,2119
Araucanía,Primera,2021-02-13,102207
Araucanía,Segunda,2021-02-13,697
Los Ríos,Primera,2021-02-13,48349
Los Ríos,Segunda,2021-02-13,145
Los Lagos,Primera,2021-02-13,96176
Los Lagos,Segunda,2021-02-13,535
Aysén,Primera,2021-02-13,12820
Aysén,Segunda,2021-02-13,2003
Magallanes,Primera,2021-02-13,26687
Magallanes,Segunda,2021-02-13,164
Total,Primera,2021-02-14,1862230
Total,Segunda,2021-02-14,55232
Arica y Parinacota,Primera,2021-02-14,22798
Arica y Parinacota,Segunda,2021-02-14,2808
Tarapacá,Primera,2021-02-14,28357
Tarapacá,Segunda,2021-02-14,157
Antofagasta,Primera,2021-02-14,43413
Antofagasta,Segunda,2021-02-14,5886
Atacama,Primera,2021-02-14,33055
Atacama,Segunda,2021-02-14,3398
Coquimbo,Primera,2021-02-14,67757
Coquimbo,Segunda,2021-02-14,8498
Valparaíso,Primera,2021-02-14,209250
Valparaíso,Segunda,2021-02-14,1428
Metropolitana,Primera,2021-02-14,677991
Metropolitana,Segunda,2021-02-14,7836
O’Higgins,Primera,2021-02-14,93754
O’Higgins,Segunda,2021-02-14,11359
Maule,Primera,2021-02-14,122124
Maule,Segunda,2021-02-14,496
Ñuble,Primera,2021-02-14,70440
Ñuble,Segunda,2021-02-14,7703
Biobío,Primera,2021-02-14,206493
Biobío,Segunda,2021-02-14,2119
Araucanía,Primera,2021-02-14,102207
Araucanía,Segunda,2021-02-14,697
Los Ríos,Primera,2021-02-14,48771
Los Ríos,Segunda,2021-02-14,145
Los Lagos,Primera,2021-02-14,96299
Los Lagos,Segunda,2021-02-14,535
Aysén,Primera,2021-02-14,12828
Aysén,Segunda,2021-02-14,2003
Magallanes,Primera,2021-02-14,26693
Magallanes,Segunda,2021-02-14,164
Total,Primera,2021-02-15,2126443
Total,Segunda,2021-02-15,55232
Arica y Parinacota,Primera,2021-02-15,25437
Arica y Parinacota,Segunda,2021-02-15,2808
Tarapacá,Primera,2021-02-15,33588
Tarapacá,Segunda,2021-02-15,157
Antofagasta,Primera,2021-02-15,50605
Antofagasta,Segunda,2021-02-15,5886
Atacama,Primera,2021-02-15,34726
Atacama,Segunda,2021-02-15,3398
Coquimbo,Primera,2021-02-15,78856
Coquimbo,Segunda,2021-02-15,8498
Valparaíso,Primera,2021-02-15,243017
Valparaíso,Segunda,2021-02-15,1428
Metropolitana,Primera,2021-02-15,781650
Metropolitana,Segunda,2021-02-15,7836
O’Higgins,Primera,2021-02-15,108778
O’Higgins,Segunda,2021-02-15,11359
Maule,Primera,2021-02-15,136126
Maule,Segunda,2021-02-15,496
Ñuble,Primera,2021-02-15,77927
Ñuble,Segunda,2021-02-15,7703
Biobío,Primera,2021-02-15,227730
Biobío,Segunda,2021-02-15,2119
Araucanía,Primera,2021-02-15,118600
Araucanía,Segunda,2021-02-15,697
Los Ríos,Primera,2021-02-15,54387
Los Ríos,Segunda,2021-02-15,145
Los Lagos,Primera,2021-02-15,110380
Los Lagos,Segunda,2021-02-15,535
Aysén,Primera,2021-02-15,14338
Aysén,Segunda,2021-02-15,2003
Magallanes,Primera,2021-02-15,30298
Magallanes,Segunda,2021-02-15,164
Total,Primera,2021-02-16,2345122
Total,Segunda,2021-02-16,55242
Arica y Parinacota,Primera,2021-02-16,27511
Arica y Parinacota,Segunda,2021-02-16,2808
Tarapacá,Primera,2021-02-16,38423
Tarapacá,Segunda,2021-02-16,157
Antofagasta,Primera,2021-02-16,56018
Antofagasta,Segunda,2021-02-16,5886
Atacama,Primera,2021-02-16,36525
Atacama,Segunda,2021-02-16,3398
Coquimbo,Primera,2021-02-16,87606
Coquimbo,Segunda,2021-02-16,8498
Valparaíso,Primera,2021-02-16,272752
Valparaíso,Segunda,2021-02-16,1428
Metropolitana,Primera,2021-02-16,866399
Metropolitana,Segunda,2021-02-16,7846
O’Higgins,Primera,2021-02-16,121781
O’Higgins,Segunda,2021-02-16,11359
Maule,Primera,2021-02-16,149096
Maule,Segunda,2021-02-16,496
Ñuble,Primera,2021-02-16,84178
Ñuble,Segunda,2021-02-16,7703
Biobío,Primera,2021-02-16,244583
Biobío,Segunda,2021-02-16,2119
Araucanía,Primera,2021-02-16,132696
Araucanía,Segunda,2021-02-16,697
Los Ríos,Primera,2021-02-16,58238
Los Ríos,Segunda,2021-02-16,145
Los Lagos,Primera,2021-02-16,121043
Los Lagos,Segunda,2021-02-16,535
Aysén,Primera,2021-02-16,15595
Aysén,Segunda,2021-02-16,2003
Magallanes,Primera,2021-02-16,32678
Magallanes,Segunda,2021-02-16,164
Total,Primera,2021-02-17,2531781
Total,Segunda,2021-02-17,55242
Arica y Parinacota,Primera,2021-02-17,29664
Arica y Parinacota,Segunda,2021-02-17,2808
Tarapacá,Primera,2021-02-17,41907
Tarapacá,Segunda,2021-02-17,157
Antofagasta,Primera,2021-02-17,60810
Antofagasta,Segunda,2021-02-17,5886
Atacama,Primera,2021-02-17,38212
Atacama,Segunda,2021-02-17,3398
Coquimbo,Primera,2021-02-17,95583
Coquimbo,Segunda,2021-02-17,8498
Valparaíso,Primera,2021-02-17,297132
Valparaíso,Segunda,2021-02-17,1428
Metropolitana,Primera,2021-02-17,940019
Metropolitana,Segunda,2021-02-17,7846
O’Higgins,Primera,2021-02-17,133070
O’Higgins,Segunda,2021-02-17,11359
Maule,Primera,2021-02-17,160695
Maule,Segunda,2021-02-17,496
Ñuble,Primera,2021-02-17,90017
Ñuble,Segunda,2021-02-17,7703
Biobío,Primera,2021-02-17,258951
Biobío,Segunda,2021-02-17,2119
Araucanía,Primera,2021-02-17,143324
Araucanía,Segunda,2021-02-17,697
Los Ríos,Primera,2021-02-17,61566
Los Ríos,Segunda,2021-02-17,145
Los Lagos,Primera,2021-02-17,128720
Los Lagos,Segunda,2021-02-17,535
Aysén,Primera,2021-02-17,16839
Aysén,Segunda,2021-02-17,2003
Magallanes,Primera,2021-02-17,35272
Magallanes,Segunda,2021-02-17,164
Total,Primera,2021-02-18,2685130
Total,Segunda,2021-02-18,55242
Arica y Parinacota,Primera,2021-02-18,31787
Arica y Parinacota,Segunda,2021-02-18,2808
Tarapacá,Primera,2021-02-18,44105
Tarapacá,Segunda,2021-02-18,157
Antofagasta,Primera,2021-02-18,64941
Antofagasta,Segunda,2021-02-18,5886
Atacama,Primera,2021-02-18,39571
Atacama,Segunda,2021-02-18,3398
Coquimbo,Primera,2021-02-18,102450
Coquimbo,Segunda,2021-02-18,8498
Valparaíso,Primera,2021-02-18,317633
Valparaíso,Segunda,2021-02-18,1428
Metropolitana,Primera,2021-02-18,1000498
Metropolitana,Segunda,2021-02-18,7846
O’Higgins,Primera,2021-02-18,142033
O’Higgins,Segunda,2021-02-18,11359
Maule,Primera,2021-02-18,169775
Maule,Segunda,2021-02-18,496
Ñuble,Primera,2021-02-18,95069
Ñuble,Segunda,2021-02-18,7703
Biobío,Primera,2021-02-18,269775
Biobío,Segunda,2021-02-18,2119
Araucanía,Primera,2021-02-18,152391
Araucanía,Segunda,2021-02-18,697
Los Ríos,Primera,2021-02-18,64542
Los Ríos,Segunda,2021-02-18,145
Los Lagos,Primera,2021-02-18,135346
Los Lagos,Segunda,2021-02-18,535
Aysén,Primera,2021-02-18,18184
Aysén,Segunda,2021-02-18,2003
Magallanes,Primera,2021-02-18,37030
Magallanes,Segunda,2021-02-18,164
Total,Primera,2021-02-19,2825611
Total,Segunda,2021-02-19,55242
Arica y Parinacota,Primera,2021-02-19,33799
Arica y Parinacota,Segunda,2021-02-19,2808
Tarapacá,Primera,2021-02-19,46245
Tarapacá,Segunda,2021-02-19,157
Antofagasta,Primera,2021-02-19,68980
Antofagasta,Segunda,2021-02-19,5886
Atacama,Primera,2021-02-19,40503
Atacama,Segunda,2021-02-19,3398
Coquimbo,Primera,2021-02-19,108780
Coquimbo,Segunda,2021-02-19,8498
Valparaíso,Primera,2021-02-19,336129
Valparaíso,Segunda,2021-02-19,1428
Metropolitana,Primera,2021-02-19,1056675
Metropolitana,Segunda,2021-02-19,7846
O’Higgins,Primera,2021-02-19,149630
O’Higgins,Segunda,2021-02-19,11359
Maule,Primera,2021-02-19,178609
Maule,Segunda,2021-02-19,496
Ñuble,Primera,2021-02-19,99271
Ñuble,Segunda,2021-02-19,7703
Biobío,Primera,2021-02-19,279477
Biobío,Segunda,2021-02-19,2119
Araucanía,Primera,2021-02-19,160642
Araucanía,Segunda,2021-02-19,697
Los Ríos,Primera,2021-02-19,67274
Los Ríos,Segunda,2021-02-19,145
Los Lagos,Primera,2021-02-19,141429
Los Lagos,Segunda,2021-02-19,535
Aysén,Primera,2021-02-19,19420
Aysén,Segunda,2021-02-19,2003
Magallanes,Primera,2021-02-19,38748
Magallanes,Segunda,2021-02-19,164
Total,Primera,2021-02-20,2834842
Total,Segunda,2021-02-20,55242
Arica y Parinacota,Primera,2021-02-20,33849
Arica y Parinacota,Segunda,2021-02-20,2808
Tarapacá,Primera,2021-02-20,46354
Tarapacá,Segunda,2021-02-20,157
Antofagasta,Primera,2021-02-20,69132
Antofagasta,Segunda,2021-02-20,5886
Atacama,Primera,2021-02-20,40528
Atacama,Segunda,2021-02-20,3398
Coquimbo,Primera,2021-02-20,108822
Coquimbo,Segunda,2021-02-20,8498
Valparaíso,Primera,2021-02-20,336807
Valparaíso,Segunda,2021-02-20,1428
Metropolitana,Primera,2021-02-20,1061861
Metropolitana,Segunda,2021-02-20,7846
O’Higgins,Primera,2021-02-20,150033
O’Higgins,Segunda,2021-02-20,11359
Maule,Primera,2021-02-20,178979
Maule,Segunda,2021-02-20,496
Ñuble,Primera,2021-02-20,99281
Ñuble,Segunda,2021-02-20,7703
Biobío,Primera,2021-02-20,280615
Biobío,Segunda,2021-02-20,2119
Araucanía,Primera,2021-02-20,161014
Araucanía,Segunda,2021-02-20,697
Los Ríos,Primera,2021-02-20,67345
Los Ríos,Segunda,2021-02-20,145
Los Lagos,Primera,2021-02-20,141815
Los Lagos,Segunda,2021-02-20,535
Aysén,Primera,2021-02-20,19486
Aysén,Segunda,2021-02-20,2003
Magallanes,Primera,2021-02-20,38921
Magallanes,Segunda,2021-02-20,164
Total,Primera,2021-02-21,2835865
Total,Segunda,2021-02-21,55242
Arica y Parinacota,Primera,2021-02-21,33849
Arica y Parinacota,Segunda,2021-02-21,2808
Tarapacá,Primera,2021-02-21,46354
Tarapacá,Segunda,2021-02-21,157
Antofagasta,Primera,2021-02-21,69132
Antofagasta,Segunda,2021-02-21,5886
Atacama,Primera,2021-02-21,40528
Atacama,Segunda,2021-02-21,3398
Coquimbo,Primera,2021-02-21,108822
Coquimbo,Segunda,2021-02-21,8498
Valparaíso,Primera,2021-02-21,336900
Valparaíso,Segunda,2021-02-21,1428
Metropolitana,Primera,2021-02-21,1062266
Metropolitana,Segunda,2021-02-21,7846
O’Higgins,Primera,2021-02-21,150045
O’Higgins,Segunda,2021-02-21,11359
Maule,Primera,2021-02-21,179141
Maule,Segunda,2021-02-21,496
Ñuble,Primera,2021-02-21,99281
Ñuble,Segunda,2021-02-21,7703
Biobío,Primera,2021-02-21,280959
Biobío,Segunda,2021-02-21,2119
Araucanía,Primera,2021-02-21,161014
Araucanía,Segunda,2021-02-21,697
Los Ríos,Primera,2021-02-21,67345
Los Ríos,Segunda,2021-02-21,145
Los Lagos,Primera,2021-02-21,141822
Los Lagos,Segunda,2021-02-21,535
Aysén,Primera,2021-02-21,19486
Aysén,Segunda,2021-02-21,2003
Magallanes,Primera,2021-02-21,38921
Magallanes,Segunda,2021-02-21,164
